ProductID;Name;ProductNumber;Color;ListPrice;ProductSubcategoryID;ProductModelID;SellStartDate;SellEndDate
1;Adjustable Race;AR-5381;NULL;0;NULL;NULL;2008-04-30 00:00:00.000;NULL
2;Bearing Ball;BA-8327;NULL;0;NULL;NULL;2008-04-30 00:00:00.000;NULL
3;BB Ball Bearing;BE-2349;NULL;0;NULL;NULL;2008-04-30 00:00:00.000;NULL
4;Headset Ball Bearings;BE-2908;NULL;0;NULL;NULL;2008-04-30 00:00:00.000;NULL
316;Blade;BL-2036;NULL;0;NULL;NULL;2008-04-30 00:00:00.000;NULL
317;LL Crankarm;CA-5965;Black;0;NULL;NULL;2008-04-30 00:00:00.000;NULL
318;ML Crankarm;CA-6738;Black;0;NULL;NULL;2008-04-30 00:00:00.000;NULL
319;HL Crankarm;CA-7457;Black;0;NULL;NULL;2008-04-30 00:00:00.000;NULL
320;Chainring Bolts;CB-2903;Silver;0;NULL;NULL;2008-04-30 00:00:00.000;NULL
321;Chainring Nut;CN-6137;Silver;0;NULL;NULL;2008-04-30 00:00:00.000;NULL
322;Chainring;CR-7833;Black;0;NULL;NULL;2008-04-30 00:00:00.000;NULL
323;Crown Race;CR-9981;NULL;0;NULL;NULL;2008-04-30 00:00:00.000;NULL
324;Chain Stays;CS-2812;NULL;0;NULL;NULL;2008-04-30 00:00:00.000;NULL
325;Decal 1;DC-8732;NULL;0;NULL;NULL;2008-04-30 00:00:00.000;NULL
326;Decal 2;DC-9824;NULL;0;NULL;NULL;2008-04-30 00:00:00.000;NULL
327;Down Tube;DT-2377;NULL;0;NULL;NULL;2008-04-30 00:00:00.000;NULL
328;Mountain End Caps;EC-M092;NULL;0;NULL;NULL;2008-04-30 00:00:00.000;NULL
329;Road End Caps;EC-R098;NULL;0;NULL;NULL;2008-04-30 00:00:00.000;NULL
330;Touring End Caps;EC-T209;NULL;0;NULL;NULL;2008-04-30 00:00:00.000;NULL
331;Fork End;FE-3760;NULL;0;NULL;NULL;2008-04-30 00:00:00.000;NULL
332;Freewheel;FH-2981;Silver;0;NULL;NULL;2008-04-30 00:00:00.000;NULL
341;Flat Washer 1;FW-1000;NULL;0;NULL;NULL;2008-04-30 00:00:00.000;NULL
342;Flat Washer 6;FW-1200;NULL;0;NULL;NULL;2008-04-30 00:00:00.000;NULL
343;Flat Washer 2;FW-1400;NULL;0;NULL;NULL;2008-04-30 00:00:00.000;NULL
344;Flat Washer 9;FW-3400;NULL;0;NULL;NULL;2008-04-30 00:00:00.000;NULL
345;Flat Washer 4;FW-3800;NULL;0;NULL;NULL;2008-04-30 00:00:00.000;NULL
346;Flat Washer 3;FW-5160;NULL;0;NULL;NULL;2008-04-30 00:00:00.000;NULL
347;Flat Washer 8;FW-5800;NULL;0;NULL;NULL;2008-04-30 00:00:00.000;NULL
348;Flat Washer 5;FW-7160;NULL;0;NULL;NULL;2008-04-30 00:00:00.000;NULL
349;Flat Washer 7;FW-9160;NULL;0;NULL;NULL;2008-04-30 00:00:00.000;NULL
350;Fork Crown;FC-3654;NULL;0;NULL;NULL;2008-04-30 00:00:00.000;NULL
351;Front Derailleur Cage;FC-3982;Silver;0;NULL;NULL;2008-04-30 00:00:00.000;NULL
352;Front Derailleur Linkage;FL-2301;Silver;0;NULL;NULL;2008-04-30 00:00:00.000;NULL
355;Guide Pulley;GP-0982;NULL;0;NULL;NULL;2008-04-30 00:00:00.000;NULL
356;LL Grip Tape;GT-0820;NULL;0;NULL;NULL;2008-04-30 00:00:00.000;NULL
357;ML Grip Tape;GT-1209;NULL;0;NULL;NULL;2008-04-30 00:00:00.000;NULL
358;HL Grip Tape;GT-2908;NULL;0;NULL;NULL;2008-04-30 00:00:00.000;NULL
359;Thin-Jam Hex Nut 9;HJ-1213;NULL;0;NULL;NULL;2008-04-30 00:00:00.000;NULL
360;Thin-Jam Hex Nut 10;HJ-1220;NULL;0;NULL;NULL;2008-04-30 00:00:00.000;NULL
361;Thin-Jam Hex Nut 1;HJ-1420;NULL;0;NULL;NULL;2008-04-30 00:00:00.000;NULL
362;Thin-Jam Hex Nut 2;HJ-1428;NULL;0;NULL;NULL;2008-04-30 00:00:00.000;NULL
363;Thin-Jam Hex Nut 15;HJ-3410;NULL;0;NULL;NULL;2008-04-30 00:00:00.000;NULL
364;Thin-Jam Hex Nut 16;HJ-3416;NULL;0;NULL;NULL;2008-04-30 00:00:00.000;NULL
365;Thin-Jam Hex Nut 5;HJ-3816;NULL;0;NULL;NULL;2008-04-30 00:00:00.000;NULL
366;Thin-Jam Hex Nut 6;HJ-3824;NULL;0;NULL;NULL;2008-04-30 00:00:00.000;NULL
367;Thin-Jam Hex Nut 3;HJ-5161;NULL;0;NULL;NULL;2008-04-30 00:00:00.000;NULL
368;Thin-Jam Hex Nut 4;HJ-5162;NULL;0;NULL;NULL;2008-04-30 00:00:00.000;NULL
369;Thin-Jam Hex Nut 13;HJ-5811;NULL;0;NULL;NULL;2008-04-30 00:00:00.000;NULL
370;Thin-Jam Hex Nut 14;HJ-5818;NULL;0;NULL;NULL;2008-04-30 00:00:00.000;NULL
371;Thin-Jam Hex Nut 7;HJ-7161;NULL;0;NULL;NULL;2008-04-30 00:00:00.000;NULL
372;Thin-Jam Hex Nut 8;HJ-7162;NULL;0;NULL;NULL;2008-04-30 00:00:00.000;NULL
373;Thin-Jam Hex Nut 12;HJ-9080;NULL;0;NULL;NULL;2008-04-30 00:00:00.000;NULL
374;Thin-Jam Hex Nut 11;HJ-9161;NULL;0;NULL;NULL;2008-04-30 00:00:00.000;NULL
375;Hex Nut 5;HN-1024;NULL;0;NULL;NULL;2008-04-30 00:00:00.000;NULL
376;Hex Nut 6;HN-1032;NULL;0;NULL;NULL;2008-04-30 00:00:00.000;NULL
377;Hex Nut 16;HN-1213;NULL;0;NULL;NULL;2008-04-30 00:00:00.000;NULL
378;Hex Nut 17;HN-1220;NULL;0;NULL;NULL;2008-04-30 00:00:00.000;NULL
379;Hex Nut 7;HN-1224;NULL;0;NULL;NULL;2008-04-30 00:00:00.000;NULL
380;Hex Nut 8;HN-1420;NULL;0;NULL;NULL;2008-04-30 00:00:00.000;NULL
381;Hex Nut 9;HN-1428;NULL;0;NULL;NULL;2008-04-30 00:00:00.000;NULL
382;Hex Nut 22;HN-3410;NULL;0;NULL;NULL;2008-04-30 00:00:00.000;NULL
383;Hex Nut 23;HN-3416;NULL;0;NULL;NULL;2008-04-30 00:00:00.000;NULL
384;Hex Nut 12;HN-3816;NULL;0;NULL;NULL;2008-04-30 00:00:00.000;NULL
385;Hex Nut 13;HN-3824;NULL;0;NULL;NULL;2008-04-30 00:00:00.000;NULL
386;Hex Nut 1;HN-4402;NULL;0;NULL;NULL;2008-04-30 00:00:00.000;NULL
387;Hex Nut 10;HN-5161;NULL;0;NULL;NULL;2008-04-30 00:00:00.000;NULL
388;Hex Nut 11;HN-5162;NULL;0;NULL;NULL;2008-04-30 00:00:00.000;NULL
389;Hex Nut 2;HN-5400;NULL;0;NULL;NULL;2008-04-30 00:00:00.000;NULL
390;Hex Nut 20;HN-5811;NULL;0;NULL;NULL;2008-04-30 00:00:00.000;NULL
391;Hex Nut 21;HN-5818;NULL;0;NULL;NULL;2008-04-30 00:00:00.000;NULL
392;Hex Nut 3;HN-6320;NULL;0;NULL;NULL;2008-04-30 00:00:00.000;NULL
393;Hex Nut 14;HN-7161;NULL;0;NULL;NULL;2008-04-30 00:00:00.000;NULL
394;Hex Nut 15;HN-7162;NULL;0;NULL;NULL;2008-04-30 00:00:00.000;NULL
395;Hex Nut 4;HN-8320;NULL;0;NULL;NULL;2008-04-30 00:00:00.000;NULL
396;Hex Nut 18;HN-9161;NULL;0;NULL;NULL;2008-04-30 00:00:00.000;NULL
397;Hex Nut 19;HN-9168;NULL;0;NULL;NULL;2008-04-30 00:00:00.000;NULL
398;Handlebar Tube;HT-2981;NULL;0;NULL;NULL;2008-04-30 00:00:00.000;NULL
399;Head Tube;HT-8019;NULL;0;NULL;NULL;2008-04-30 00:00:00.000;NULL
400;LL Hub;HU-6280;NULL;0;NULL;NULL;2008-04-30 00:00:00.000;NULL
401;HL Hub;HU-8998;NULL;0;NULL;NULL;2008-04-30 00:00:00.000;NULL
402;Keyed Washer;KW-4091;NULL;0;NULL;NULL;2008-04-30 00:00:00.000;NULL
403;External Lock Washer 3;LE-1000;NULL;0;NULL;NULL;2008-04-30 00:00:00.000;NULL
404;External Lock Washer 4;LE-1200;NULL;0;NULL;NULL;2008-04-30 00:00:00.000;NULL
405;External Lock Washer 9;LE-1201;NULL;0;NULL;NULL;2008-04-30 00:00:00.000;NULL
406;External Lock Washer 5;LE-1400;NULL;0;NULL;NULL;2008-04-30 00:00:00.000;NULL
407;External Lock Washer 7;LE-3800;NULL;0;NULL;NULL;2008-04-30 00:00:00.000;NULL
408;External Lock Washer 6;LE-5160;NULL;0;NULL;NULL;2008-04-30 00:00:00.000;NULL
409;External Lock Washer 1;LE-6000;NULL;0;NULL;NULL;2008-04-30 00:00:00.000;NULL
410;External Lock Washer 8;LE-7160;NULL;0;NULL;NULL;2008-04-30 00:00:00.000;NULL
411;External Lock Washer 2;LE-8000;NULL;0;NULL;NULL;2008-04-30 00:00:00.000;NULL
412;Internal Lock Washer 3;LI-1000;NULL;0;NULL;NULL;2008-04-30 00:00:00.000;NULL
413;Internal Lock Washer 4;LI-1200;NULL;0;NULL;NULL;2008-04-30 00:00:00.000;NULL
414;Internal Lock Washer 9;LI-1201;NULL;0;NULL;NULL;2008-04-30 00:00:00.000;NULL
415;Internal Lock Washer 5;LI-1400;NULL;0;NULL;NULL;2008-04-30 00:00:00.000;NULL
416;Internal Lock Washer 7;LI-3800;NULL;0;NULL;NULL;2008-04-30 00:00:00.000;NULL
417;Internal Lock Washer 6;LI-5160;NULL;0;NULL;NULL;2008-04-30 00:00:00.000;NULL
418;Internal Lock Washer 10;LI-5800;NULL;0;NULL;NULL;2008-04-30 00:00:00.000;NULL
419;Internal Lock Washer 1;LI-6000;NULL;0;NULL;NULL;2008-04-30 00:00:00.000;NULL
420;Internal Lock Washer 8;LI-7160;NULL;0;NULL;NULL;2008-04-30 00:00:00.000;NULL
421;Internal Lock Washer 2;LI-8000;NULL;0;NULL;NULL;2008-04-30 00:00:00.000;NULL
422;Thin-Jam Lock Nut 9;LJ-1213;NULL;0;NULL;NULL;2008-04-30 00:00:00.000;NULL
423;Thin-Jam Lock Nut 10;LJ-1220;NULL;0;NULL;NULL;2008-04-30 00:00:00.000;NULL
424;Thin-Jam Lock Nut 1;LJ-1420;NULL;0;NULL;NULL;2008-04-30 00:00:00.000;NULL
425;Thin-Jam Lock Nut 2;LJ-1428;NULL;0;NULL;NULL;2008-04-30 00:00:00.000;NULL
426;Thin-Jam Lock Nut 15;LJ-3410;NULL;0;NULL;NULL;2008-04-30 00:00:00.000;NULL
427;Thin-Jam Lock Nut 16;LJ-3416;NULL;0;NULL;NULL;2008-04-30 00:00:00.000;NULL
428;Thin-Jam Lock Nut 5;LJ-3816;NULL;0;NULL;NULL;2008-04-30 00:00:00.000;NULL
429;Thin-Jam Lock Nut 6;LJ-3824;NULL;0;NULL;NULL;2008-04-30 00:00:00.000;NULL
430;Thin-Jam Lock Nut 3;LJ-5161;NULL;0;NULL;NULL;2008-04-30 00:00:00.000;NULL
431;Thin-Jam Lock Nut 4;LJ-5162;NULL;0;NULL;NULL;2008-04-30 00:00:00.000;NULL
432;Thin-Jam Lock Nut 13;LJ-5811;NULL;0;NULL;NULL;2008-04-30 00:00:00.000;NULL
433;Thin-Jam Lock Nut 14;LJ-5818;NULL;0;NULL;NULL;2008-04-30 00:00:00.000;NULL
434;Thin-Jam Lock Nut 7;LJ-7161;NULL;0;NULL;NULL;2008-04-30 00:00:00.000;NULL
435;Thin-Jam Lock Nut 8;LJ-7162;NULL;0;NULL;NULL;2008-04-30 00:00:00.000;NULL
436;Thin-Jam Lock Nut 12;LJ-9080;NULL;0;NULL;NULL;2008-04-30 00:00:00.000;NULL
437;Thin-Jam Lock Nut 11;LJ-9161;NULL;0;NULL;NULL;2008-04-30 00:00:00.000;NULL
438;Lock Nut 5;LN-1024;NULL;0;NULL;NULL;2008-04-30 00:00:00.000;NULL
439;Lock Nut 6;LN-1032;NULL;0;NULL;NULL;2008-04-30 00:00:00.000;NULL
440;Lock Nut 16;LN-1213;NULL;0;NULL;NULL;2008-04-30 00:00:00.000;NULL
441;Lock Nut 17;LN-1220;NULL;0;NULL;NULL;2008-04-30 00:00:00.000;NULL
442;Lock Nut 7;LN-1224;NULL;0;NULL;NULL;2008-04-30 00:00:00.000;NULL
443;Lock Nut 8;LN-1420;NULL;0;NULL;NULL;2008-04-30 00:00:00.000;NULL
444;Lock Nut 9;LN-1428;NULL;0;NULL;NULL;2008-04-30 00:00:00.000;NULL
445;Lock Nut 22;LN-3410;NULL;0;NULL;NULL;2008-04-30 00:00:00.000;NULL
446;Lock Nut 23;LN-3416;NULL;0;NULL;NULL;2008-04-30 00:00:00.000;NULL
447;Lock Nut 12;LN-3816;NULL;0;NULL;NULL;2008-04-30 00:00:00.000;NULL
448;Lock Nut 13;LN-3824;NULL;0;NULL;NULL;2008-04-30 00:00:00.000;NULL
449;Lock Nut 1;LN-4400;NULL;0;NULL;NULL;2008-04-30 00:00:00.000;NULL
450;Lock Nut 10;LN-5161;NULL;0;NULL;NULL;2008-04-30 00:00:00.000;NULL
451;Lock Nut 11;LN-5162;NULL;0;NULL;NULL;2008-04-30 00:00:00.000;NULL
452;Lock Nut 2;LN-5400;NULL;0;NULL;NULL;2008-04-30 00:00:00.000;NULL
453;Lock Nut 20;LN-5811;NULL;0;NULL;NULL;2008-04-30 00:00:00.000;NULL
454;Lock Nut 21;LN-5818;NULL;0;NULL;NULL;2008-04-30 00:00:00.000;NULL
455;Lock Nut 3;LN-6320;NULL;0;NULL;NULL;2008-04-30 00:00:00.000;NULL
456;Lock Nut 14;LN-7161;NULL;0;NULL;NULL;2008-04-30 00:00:00.000;NULL
457;Lock Nut 15;LN-7162;NULL;0;NULL;NULL;2008-04-30 00:00:00.000;NULL
458;Lock Nut 4;LN-8320;NULL;0;NULL;NULL;2008-04-30 00:00:00.000;NULL
459;Lock Nut 19;LN-9080;NULL;0;NULL;NULL;2008-04-30 00:00:00.000;NULL
460;Lock Nut 18;LN-9161;NULL;0;NULL;NULL;2008-04-30 00:00:00.000;NULL
461;Lock Ring;LR-2398;Silver;0;NULL;NULL;2008-04-30 00:00:00.000;NULL
462;Lower Head Race;LR-8520;NULL;0;NULL;NULL;2008-04-30 00:00:00.000;NULL
463;Lock Washer 4;LW-1000;NULL;0;NULL;NULL;2008-04-30 00:00:00.000;NULL
464;Lock Washer 5;LW-1200;NULL;0;NULL;NULL;2008-04-30 00:00:00.000;NULL
465;Lock Washer 10;LW-1201;NULL;0;NULL;NULL;2008-04-30 00:00:00.000;NULL
466;Lock Washer 6;LW-1400;NULL;0;NULL;NULL;2008-04-30 00:00:00.000;NULL
467;Lock Washer 13;LW-3400;NULL;0;NULL;NULL;2008-04-30 00:00:00.000;NULL
468;Lock Washer 8;LW-3800;NULL;0;NULL;NULL;2008-04-30 00:00:00.000;NULL
469;Lock Washer 1;LW-4000;NULL;0;NULL;NULL;2008-04-30 00:00:00.000;NULL
470;Lock Washer 7;LW-5160;NULL;0;NULL;NULL;2008-04-30 00:00:00.000;NULL
471;Lock Washer 12;LW-5800;NULL;0;NULL;NULL;2008-04-30 00:00:00.000;NULL
472;Lock Washer 2;LW-6000;NULL;0;NULL;NULL;2008-04-30 00:00:00.000;NULL
473;Lock Washer 9;LW-7160;NULL;0;NULL;NULL;2008-04-30 00:00:00.000;NULL
474;Lock Washer 3;LW-8000;NULL;0;NULL;NULL;2008-04-30 00:00:00.000;NULL
475;Lock Washer 11;LW-9160;NULL;0;NULL;NULL;2008-04-30 00:00:00.000;NULL
476;Metal Angle;MA-7075;NULL;0;NULL;NULL;2008-04-30 00:00:00.000;NULL
477;Metal Bar 1;MB-2024;NULL;0;NULL;NULL;2008-04-30 00:00:00.000;NULL
478;Metal Bar 2;MB-6061;NULL;0;NULL;NULL;2008-04-30 00:00:00.000;NULL
479;Metal Plate 2;MP-2066;NULL;0;NULL;NULL;2008-04-30 00:00:00.000;NULL
480;Metal Plate 1;MP-2503;NULL;0;NULL;NULL;2008-04-30 00:00:00.000;NULL
481;Metal Plate 3;MP-4960;NULL;0;NULL;NULL;2008-04-30 00:00:00.000;NULL
482;Metal Sheet 2;MS-0253;NULL;0;NULL;NULL;2008-04-30 00:00:00.000;NULL
483;Metal Sheet 3;MS-1256;NULL;0;NULL;NULL;2008-04-30 00:00:00.000;NULL
484;Metal Sheet 7;MS-1981;NULL;0;NULL;NULL;2008-04-30 00:00:00.000;NULL
485;Metal Sheet 4;MS-2259;NULL;0;NULL;NULL;2008-04-30 00:00:00.000;NULL
486;Metal Sheet 5;MS-2341;NULL;0;NULL;NULL;2008-04-30 00:00:00.000;NULL
487;Metal Sheet 6;MS-2348;NULL;0;NULL;NULL;2008-04-30 00:00:00.000;NULL
488;Metal Sheet 1;MS-6061;NULL;0;NULL;NULL;2008-04-30 00:00:00.000;NULL
489;Metal Tread Plate;MT-1000;NULL;0;NULL;NULL;2008-04-30 00:00:00.000;NULL
490;LL Nipple;NI-4127;NULL;0;NULL;NULL;2008-04-30 00:00:00.000;NULL
491;HL Nipple;NI-9522;NULL;0;NULL;NULL;2008-04-30 00:00:00.000;NULL
492;Paint - Black;PA-187B;NULL;0;NULL;NULL;2008-04-30 00:00:00.000;NULL
493;Paint - Red;PA-361R;NULL;0;NULL;NULL;2008-04-30 00:00:00.000;NULL
494;Paint - Silver;PA-529S;NULL;0;NULL;NULL;2008-04-30 00:00:00.000;NULL
495;Paint - Blue;PA-632U;NULL;0;NULL;NULL;2008-04-30 00:00:00.000;NULL
496;Paint - Yellow;PA-823Y;NULL;0;NULL;NULL;2008-04-30 00:00:00.000;NULL
497;Pinch Bolt;PB-6109;NULL;0;NULL;NULL;2008-04-30 00:00:00.000;NULL
504;Cup-Shaped Race;RA-2345;NULL;0;NULL;NULL;2008-04-30 00:00:00.000;NULL
505;Cone-Shaped Race;RA-7490;NULL;0;NULL;NULL;2008-04-30 00:00:00.000;NULL
506;Reflector;RF-9198;NULL;0;NULL;NULL;2008-04-30 00:00:00.000;NULL
507;LL Mountain Rim;RM-M464;NULL;0;NULL;NULL;2008-04-30 00:00:00.000;NULL
508;ML Mountain Rim;RM-M692;NULL;0;NULL;NULL;2008-04-30 00:00:00.000;NULL
509;HL Mountain Rim;RM-M823;NULL;0;NULL;NULL;2008-04-30 00:00:00.000;NULL
510;LL Road Rim;RM-R436;NULL;0;NULL;NULL;2008-04-30 00:00:00.000;NULL
511;ML Road Rim;RM-R600;NULL;0;NULL;NULL;2008-04-30 00:00:00.000;NULL
512;HL Road Rim;RM-R800;NULL;0;NULL;NULL;2008-04-30 00:00:00.000;NULL
513;Touring Rim;RM-T801;NULL;0;NULL;NULL;2008-04-30 00:00:00.000;NULL
514;LL Mountain Seat Assembly;SA-M198;NULL;133,34;NULL;NULL;2008-04-30 00:00:00.000;NULL
515;ML Mountain Seat Assembly;SA-M237;NULL;147,14;NULL;NULL;2008-04-30 00:00:00.000;NULL
516;HL Mountain Seat Assembly;SA-M687;NULL;196,92;NULL;NULL;2008-04-30 00:00:00.000;NULL
517;LL Road Seat Assembly;SA-R127;NULL;133,34;NULL;NULL;2008-04-30 00:00:00.000;NULL
518;ML Road Seat Assembly;SA-R430;NULL;147,14;NULL;NULL;2008-04-30 00:00:00.000;NULL
519;HL Road Seat Assembly;SA-R522;NULL;196,92;NULL;NULL;2008-04-30 00:00:00.000;NULL
520;LL Touring Seat Assembly;SA-T467;NULL;133,34;NULL;NULL;2008-04-30 00:00:00.000;NULL
521;ML Touring Seat Assembly;SA-T612;NULL;147,14;NULL;NULL;2008-04-30 00:00:00.000;NULL
522;HL Touring Seat Assembly;SA-T872;NULL;196,92;NULL;NULL;2008-04-30 00:00:00.000;NULL
523;LL Spindle/Axle;SD-2342;NULL;0;NULL;NULL;2008-04-30 00:00:00.000;NULL
524;HL Spindle/Axle;SD-9872;NULL;0;NULL;NULL;2008-04-30 00:00:00.000;NULL
525;LL Shell;SH-4562;NULL;0;NULL;NULL;2008-04-30 00:00:00.000;NULL
526;HL Shell;SH-9312;NULL;0;NULL;NULL;2008-04-30 00:00:00.000;NULL
527;Spokes;SK-9283;NULL;0;NULL;NULL;2008-04-30 00:00:00.000;NULL
528;Seat Lug;SL-0931;NULL;0;NULL;NULL;2008-04-30 00:00:00.000;NULL
529;Stem;SM-9087;NULL;0;NULL;NULL;2008-04-30 00:00:00.000;NULL
530;Seat Post;SP-2981;NULL;0;NULL;NULL;2008-04-30 00:00:00.000;NULL
531;Steerer;SR-2098;NULL;0;NULL;NULL;2008-04-30 00:00:00.000;NULL
532;Seat Stays;SS-2985;NULL;0;NULL;NULL;2008-04-30 00:00:00.000;NULL
533;Seat Tube;ST-9828;NULL;0;NULL;NULL;2008-04-30 00:00:00.000;NULL
534;Top Tube;TO-2301;NULL;0;NULL;NULL;2008-04-30 00:00:00.000;NULL
535;Tension Pulley;TP-0923;NULL;0;NULL;NULL;2008-04-30 00:00:00.000;NULL
679;Rear Derailleur Cage;RC-0291;Silver;0;NULL;NULL;2008-04-30 00:00:00.000;NULL
680;HL Road Frame - Black, 58;FR-R92B-58;Black;1431,5;14;6;2008-04-30 00:00:00.000;NULL
706;HL Road Frame - Red, 58;FR-R92R-58;Red;1431,5;14;6;2008-04-30 00:00:00.000;NULL
707;Sport-100 Helmet, Red;HL-U509-R;Red;34,99;31;33;2011-05-31 00:00:00.000;NULL
708;Sport-100 Helmet, Black;HL-U509;Black;34,99;31;33;2011-05-31 00:00:00.000;NULL
709;Mountain Bike Socks, M;SO-B909-M;White;9,5;23;18;2011-05-31 00:00:00.000;2012-05-29 00:00:00.000
710;Mountain Bike Socks, L;SO-B909-L;White;9,5;23;18;2011-05-31 00:00:00.000;2012-05-29 00:00:00.000
711;Sport-100 Helmet, Blue;HL-U509-B;Blue;34,99;31;33;2011-05-31 00:00:00.000;NULL
712;AWC Logo Cap;CA-1098;Multi;8,99;19;2;2011-05-31 00:00:00.000;NULL
713;Long-Sleeve Logo Jersey, S;LJ-0192-S;Multi;49,99;21;11;2011-05-31 00:00:00.000;NULL
714;Long-Sleeve Logo Jersey, M;LJ-0192-M;Multi;49,99;21;11;2011-05-31 00:00:00.000;NULL
715;Long-Sleeve Logo Jersey, L;LJ-0192-L;Multi;49,99;21;11;2011-05-31 00:00:00.000;NULL
716;Long-Sleeve Logo Jersey, XL;LJ-0192-X;Multi;49,99;21;11;2011-05-31 00:00:00.000;NULL
717;HL Road Frame - Red, 62;FR-R92R-62;Red;1431,5;14;6;2011-05-31 00:00:00.000;NULL
718;HL Road Frame - Red, 44;FR-R92R-44;Red;1431,5;14;6;2011-05-31 00:00:00.000;NULL
719;HL Road Frame - Red, 48;FR-R92R-48;Red;1431,5;14;6;2011-05-31 00:00:00.000;NULL
720;HL Road Frame - Red, 52;FR-R92R-52;Red;1431,5;14;6;2011-05-31 00:00:00.000;NULL
721;HL Road Frame - Red, 56;FR-R92R-56;Red;1431,5;14;6;2011-05-31 00:00:00.000;NULL
722;LL Road Frame - Black, 58;FR-R38B-58;Black;337,22;14;9;2011-05-31 00:00:00.000;NULL
723;LL Road Frame - Black, 60;FR-R38B-60;Black;337,22;14;9;2011-05-31 00:00:00.000;NULL
724;LL Road Frame - Black, 62;FR-R38B-62;Black;337,22;14;9;2011-05-31 00:00:00.000;NULL
725;LL Road Frame - Red, 44;FR-R38R-44;Red;337,22;14;9;2011-05-31 00:00:00.000;2013-05-29 00:00:00.000
726;LL Road Frame - Red, 48;FR-R38R-48;Red;337,22;14;9;2011-05-31 00:00:00.000;2013-05-29 00:00:00.000
727;LL Road Frame - Red, 52;FR-R38R-52;Red;337,22;14;9;2011-05-31 00:00:00.000;2013-05-29 00:00:00.000
728;LL Road Frame - Red, 58;FR-R38R-58;Red;337,22;14;9;2011-05-31 00:00:00.000;2013-05-29 00:00:00.000
729;LL Road Frame - Red, 60;FR-R38R-60;Red;337,22;14;9;2011-05-31 00:00:00.000;2013-05-29 00:00:00.000
730;LL Road Frame - Red, 62;FR-R38R-62;Red;337,22;14;9;2011-05-31 00:00:00.000;2013-05-29 00:00:00.000
731;ML Road Frame - Red, 44;FR-R72R-44;Red;594,83;14;16;2011-05-31 00:00:00.000;2012-05-29 00:00:00.000
732;ML Road Frame - Red, 48;FR-R72R-48;Red;594,83;14;16;2011-05-31 00:00:00.000;2012-05-29 00:00:00.000
733;ML Road Frame - Red, 52;FR-R72R-52;Red;594,83;14;16;2011-05-31 00:00:00.000;2012-05-29 00:00:00.000
734;ML Road Frame - Red, 58;FR-R72R-58;Red;594,83;14;16;2011-05-31 00:00:00.000;2012-05-29 00:00:00.000
735;ML Road Frame - Red, 60;FR-R72R-60;Red;594,83;14;16;2011-05-31 00:00:00.000;2012-05-29 00:00:00.000
736;LL Road Frame - Black, 44;FR-R38B-44;Black;337,22;14;9;2011-05-31 00:00:00.000;NULL
737;LL Road Frame - Black, 48;FR-R38B-48;Black;337,22;14;9;2011-05-31 00:00:00.000;NULL
738;LL Road Frame - Black, 52;FR-R38B-52;Black;337,22;14;9;2011-05-31 00:00:00.000;NULL
739;HL Mountain Frame - Silver, 42;FR-M94S-42;Silver;1364,5;12;5;2011-05-31 00:00:00.000;NULL
740;HL Mountain Frame - Silver, 44;FR-M94S-44;Silver;1364,5;12;5;2011-05-31 00:00:00.000;2012-05-29 00:00:00.000
741;HL Mountain Frame - Silver, 48;FR-M94S-52;Silver;1364,5;12;5;2011-05-31 00:00:00.000;2012-05-29 00:00:00.000
742;HL Mountain Frame - Silver, 46;FR-M94S-46;Silver;1364,5;12;5;2011-05-31 00:00:00.000;NULL
743;HL Mountain Frame - Black, 42;FR-M94B-42;Black;1349,6;12;5;2011-05-31 00:00:00.000;NULL
744;HL Mountain Frame - Black, 44;FR-M94B-44;Black;1349,6;12;5;2011-05-31 00:00:00.000;2012-05-29 00:00:00.000
745;HL Mountain Frame - Black, 48;FR-M94B-48;Black;1349,6;12;5;2011-05-31 00:00:00.000;2012-05-29 00:00:00.000
746;HL Mountain Frame - Black, 46;FR-M94B-46;Black;1349,6;12;5;2011-05-31 00:00:00.000;NULL
747;HL Mountain Frame - Black, 38;FR-M94B-38;Black;1349,6;12;5;2011-05-31 00:00:00.000;NULL
748;HL Mountain Frame - Silver, 38;FR-M94S-38;Silver;1364,5;12;5;2011-05-31 00:00:00.000;NULL
749;Road-150 Red, 62;BK-R93R-62;Red;3578,27;2;25;2011-05-31 00:00:00.000;2012-05-29 00:00:00.000
750;Road-150 Red, 44;BK-R93R-44;Red;3578,27;2;25;2011-05-31 00:00:00.000;2012-05-29 00:00:00.000
751;Road-150 Red, 48;BK-R93R-48;Red;3578,27;2;25;2011-05-31 00:00:00.000;2012-05-29 00:00:00.000
752;Road-150 Red, 52;BK-R93R-52;Red;3578,27;2;25;2011-05-31 00:00:00.000;2012-05-29 00:00:00.000
753;Road-150 Red, 56;BK-R93R-56;Red;3578,27;2;25;2011-05-31 00:00:00.000;2012-05-29 00:00:00.000
754;Road-450 Red, 58;BK-R68R-58;Red;1457,99;2;28;2011-05-31 00:00:00.000;2012-05-29 00:00:00.000
755;Road-450 Red, 60;BK-R68R-60;Red;1457,99;2;28;2011-05-31 00:00:00.000;2012-05-29 00:00:00.000
756;Road-450 Red, 44;BK-R68R-44;Red;1457,99;2;28;2011-05-31 00:00:00.000;2012-05-29 00:00:00.000
757;Road-450 Red, 48;BK-R68R-48;Red;1457,99;2;28;2011-05-31 00:00:00.000;2012-05-29 00:00:00.000
758;Road-450 Red, 52;BK-R68R-52;Red;1457,99;2;28;2011-05-31 00:00:00.000;2012-05-29 00:00:00.000
759;Road-650 Red, 58;BK-R50R-58;Red;782,99;2;30;2011-05-31 00:00:00.000;2013-05-29 00:00:00.000
760;Road-650 Red, 60;BK-R50R-60;Red;782,99;2;30;2011-05-31 00:00:00.000;2013-05-29 00:00:00.000
761;Road-650 Red, 62;BK-R50R-62;Red;782,99;2;30;2011-05-31 00:00:00.000;2013-05-29 00:00:00.000
762;Road-650 Red, 44;BK-R50R-44;Red;782,99;2;30;2011-05-31 00:00:00.000;2013-05-29 00:00:00.000
763;Road-650 Red, 48;BK-R50R-48;Red;782,99;2;30;2011-05-31 00:00:00.000;2013-05-29 00:00:00.000
764;Road-650 Red, 52;BK-R50R-52;Red;782,99;2;30;2011-05-31 00:00:00.000;2013-05-29 00:00:00.000
765;Road-650 Black, 58;BK-R50B-58;Black;782,99;2;30;2011-05-31 00:00:00.000;2013-05-29 00:00:00.000
766;Road-650 Black, 60;BK-R50B-60;Black;782,99;2;30;2011-05-31 00:00:00.000;2013-05-29 00:00:00.000
767;Road-650 Black, 62;BK-R50B-62;Black;782,99;2;30;2011-05-31 00:00:00.000;2013-05-29 00:00:00.000
768;Road-650 Black, 44;BK-R50B-44;Black;782,99;2;30;2011-05-31 00:00:00.000;2013-05-29 00:00:00.000
769;Road-650 Black, 48;BK-R50B-48;Black;782,99;2;30;2011-05-31 00:00:00.000;2013-05-29 00:00:00.000
770;Road-650 Black, 52;BK-R50B-52;Black;782,99;2;30;2011-05-31 00:00:00.000;2013-05-29 00:00:00.000
771;Mountain-100 Silver, 38;BK-M82S-38;Silver;3399,99;1;19;2011-05-31 00:00:00.000;2012-05-29 00:00:00.000
772;Mountain-100 Silver, 42;BK-M82S-42;Silver;3399,99;1;19;2011-05-31 00:00:00.000;2012-05-29 00:00:00.000
773;Mountain-100 Silver, 44;BK-M82S-44;Silver;3399,99;1;19;2011-05-31 00:00:00.000;2012-05-29 00:00:00.000
774;Mountain-100 Silver, 48;BK-M82S-48;Silver;3399,99;1;19;2011-05-31 00:00:00.000;2012-05-29 00:00:00.000
775;Mountain-100 Black, 38;BK-M82B-38;Black;3374,99;1;19;2011-05-31 00:00:00.000;2012-05-29 00:00:00.000
776;Mountain-100 Black, 42;BK-M82B-42;Black;3374,99;1;19;2011-05-31 00:00:00.000;2012-05-29 00:00:00.000
777;Mountain-100 Black, 44;BK-M82B-44;Black;3374,99;1;19;2011-05-31 00:00:00.000;2012-05-29 00:00:00.000
778;Mountain-100 Black, 48;BK-M82B-48;Black;3374,99;1;19;2011-05-31 00:00:00.000;2012-05-29 00:00:00.000
779;Mountain-200 Silver, 38;BK-M68S-38;Silver;2319,99;1;20;2012-05-30 00:00:00.000;NULL
780;Mountain-200 Silver, 42;BK-M68S-42;Silver;2319,99;1;20;2012-05-30 00:00:00.000;NULL
781;Mountain-200 Silver, 46;BK-M68S-46;Silver;2319,99;1;20;2012-05-30 00:00:00.000;NULL
782;Mountain-200 Black, 38;BK-M68B-38;Black;2294,99;1;20;2012-05-30 00:00:00.000;NULL
783;Mountain-200 Black, 42;BK-M68B-42;Black;2294,99;1;20;2012-05-30 00:00:00.000;NULL
784;Mountain-200 Black, 46;BK-M68B-46;Black;2294,99;1;20;2012-05-30 00:00:00.000;NULL
785;Mountain-300 Black, 38;BK-M47B-38;Black;1079,99;1;21;2012-05-30 00:00:00.000;2013-05-29 00:00:00.000
786;Mountain-300 Black, 40;BK-M47B-40;Black;1079,99;1;21;2012-05-30 00:00:00.000;2013-05-29 00:00:00.000
787;Mountain-300 Black, 44;BK-M47B-44;Black;1079,99;1;21;2012-05-30 00:00:00.000;2013-05-29 00:00:00.000
788;Mountain-300 Black, 48;BK-M47B-48;Black;1079,99;1;21;2012-05-30 00:00:00.000;2013-05-29 00:00:00.000
789;Road-250 Red, 44;BK-R89R-44;Red;2443,35;2;26;2012-05-30 00:00:00.000;2013-05-29 00:00:00.000
790;Road-250 Red, 48;BK-R89R-48;Red;2443,35;2;26;2012-05-30 00:00:00.000;2013-05-29 00:00:00.000
791;Road-250 Red, 52;BK-R89R-52;Red;2443,35;2;26;2012-05-30 00:00:00.000;2013-05-29 00:00:00.000
792;Road-250 Red, 58;BK-R89R-58;Red;2443,35;2;26;2012-05-30 00:00:00.000;NULL
793;Road-250 Black, 44;BK-R89B-44;Black;2443,35;2;26;2012-05-30 00:00:00.000;NULL
794;Road-250 Black, 48;BK-R89B-48;Black;2443,35;2;26;2012-05-30 00:00:00.000;NULL
795;Road-250 Black, 52;BK-R89B-52;Black;2443,35;2;26;2012-05-30 00:00:00.000;NULL
796;Road-250 Black, 58;BK-R89B-58;Black;2443,35;2;26;2012-05-30 00:00:00.000;NULL
797;Road-550-W Yellow, 38;BK-R64Y-38;Yellow;1120,49;2;29;2012-05-30 00:00:00.000;NULL
798;Road-550-W Yellow, 40;BK-R64Y-40;Yellow;1120,49;2;29;2012-05-30 00:00:00.000;NULL
799;Road-550-W Yellow, 42;BK-R64Y-42;Yellow;1120,49;2;29;2012-05-30 00:00:00.000;NULL
800;Road-550-W Yellow, 44;BK-R64Y-44;Yellow;1120,49;2;29;2012-05-30 00:00:00.000;NULL
801;Road-550-W Yellow, 48;BK-R64Y-48;Yellow;1120,49;2;29;2012-05-30 00:00:00.000;NULL
802;LL Fork;FK-1639;NULL;148,22;10;104;2012-05-30 00:00:00.000;2013-05-29 00:00:00.000
803;ML Fork;FK-5136;NULL;175,49;10;105;2012-05-30 00:00:00.000;2013-05-29 00:00:00.000
804;HL Fork;FK-9939;NULL;229,49;10;106;2012-05-30 00:00:00.000;2013-05-29 00:00:00.000
805;LL Headset;HS-0296;NULL;34,2;11;59;2012-05-30 00:00:00.000;2013-05-29 00:00:00.000
806;ML Headset;HS-2451;NULL;102,29;11;60;2012-05-30 00:00:00.000;2013-05-29 00:00:00.000
807;HL Headset;HS-3479;NULL;124,73;11;61;2012-05-30 00:00:00.000;2013-05-29 00:00:00.000
808;LL Mountain Handlebars;HB-M243;NULL;44,54;4;52;2012-05-30 00:00:00.000;NULL
809;ML Mountain Handlebars;HB-M763;NULL;61,92;4;54;2012-05-30 00:00:00.000;NULL
810;HL Mountain Handlebars;HB-M918;NULL;120,27;4;55;2012-05-30 00:00:00.000;NULL
811;LL Road Handlebars;HB-R504;NULL;44,54;4;56;2012-05-30 00:00:00.000;NULL
812;ML Road Handlebars;HB-R720;NULL;61,92;4;57;2012-05-30 00:00:00.000;NULL
813;HL Road Handlebars;HB-R956;NULL;120,27;4;58;2012-05-30 00:00:00.000;NULL
814;ML Mountain Frame - Black, 38;FR-M63B-38;Black;348,76;12;15;2012-05-30 00:00:00.000;2013-05-29 00:00:00.000
815;LL Mountain Front Wheel;FW-M423;Black;60,745;17;42;2012-05-30 00:00:00.000;2013-05-29 00:00:00.000
816;ML Mountain Front Wheel;FW-M762;Black;209,025;17;45;2012-05-30 00:00:00.000;2013-05-29 00:00:00.000
817;HL Mountain Front Wheel;FW-M928;Black;300,215;17;46;2012-05-30 00:00:00.000;2013-05-29 00:00:00.000
818;LL Road Front Wheel;FW-R623;Black;85,565;17;49;2012-05-30 00:00:00.000;2013-05-29 00:00:00.000
819;ML Road Front Wheel;FW-R762;Black;248,385;17;50;2012-05-30 00:00:00.000;2013-05-29 00:00:00.000
820;HL Road Front Wheel;FW-R820;Black;330,06;17;51;2012-05-30 00:00:00.000;2013-05-29 00:00:00.000
821;Touring Front Wheel;FW-T905;Black;218,01;17;44;2012-05-30 00:00:00.000;2013-05-29 00:00:00.000
822;ML Road Frame-W - Yellow, 38;FR-R72Y-38;Yellow;594,83;14;17;2012-05-30 00:00:00.000;NULL
823;LL Mountain Rear Wheel;RW-M423;Black;87,745;17;123;2012-05-30 00:00:00.000;2013-05-29 00:00:00.000
824;ML Mountain Rear Wheel;RW-M762;Black;236,025;17;124;2012-05-30 00:00:00.000;2013-05-29 00:00:00.000
825;HL Mountain Rear Wheel;RW-M928;Black;327,215;17;125;2012-05-30 00:00:00.000;2013-05-29 00:00:00.000
826;LL Road Rear Wheel;RW-R623;Black;112,565;17;126;2012-05-30 00:00:00.000;2013-05-29 00:00:00.000
827;ML Road Rear Wheel;RW-R762;Black;275,385;17;77;2012-05-30 00:00:00.000;2013-05-29 00:00:00.000
828;HL Road Rear Wheel;RW-R820;Black;357,06;17;78;2012-05-30 00:00:00.000;2013-05-29 00:00:00.000
829;Touring Rear Wheel;RW-T905;Black;245,01;17;43;2012-05-30 00:00:00.000;2013-05-29 00:00:00.000
830;ML Mountain Frame - Black, 40;FR-M63B-40;Black;348,76;12;14;2012-05-30 00:00:00.000;2013-05-29 00:00:00.000
831;ML Mountain Frame - Black, 44;FR-M63B-44;Black;348,76;12;14;2012-05-30 00:00:00.000;2013-05-29 00:00:00.000
832;ML Mountain Frame - Black, 48;FR-M63B-48;Black;348,76;12;14;2012-05-30 00:00:00.000;2013-05-29 00:00:00.000
833;ML Road Frame-W - Yellow, 40;FR-R72Y-40;Yellow;594,83;14;17;2012-05-30 00:00:00.000;NULL
834;ML Road Frame-W - Yellow, 42;FR-R72Y-42;Yellow;594,83;14;17;2012-05-30 00:00:00.000;NULL
835;ML Road Frame-W - Yellow, 44;FR-R72Y-44;Yellow;594,83;14;17;2012-05-30 00:00:00.000;NULL
836;ML Road Frame-W - Yellow, 48;FR-R72Y-48;Yellow;594,83;14;17;2012-05-30 00:00:00.000;NULL
837;HL Road Frame - Black, 62;FR-R92B-62;Black;1431,5;14;6;2012-05-30 00:00:00.000;NULL
838;HL Road Frame - Black, 44;FR-R92B-44;Black;1431,5;14;6;2012-05-30 00:00:00.000;NULL
839;HL Road Frame - Black, 48;FR-R92B-48;Black;1431,5;14;6;2012-05-30 00:00:00.000;NULL
840;HL Road Frame - Black, 52;FR-R92B-52;Black;1431,5;14;6;2012-05-30 00:00:00.000;NULL
841;Men's Sports Shorts, S;SH-M897-S;Black;59,99;22;13;2012-05-30 00:00:00.000;2013-05-29 00:00:00.000
842;Touring-Panniers, Large;PA-T100;Grey;125;35;120;2012-05-30 00:00:00.000;2013-05-29 00:00:00.000
843;Cable Lock;LO-C100;NULL;25;34;115;2012-05-30 00:00:00.000;2013-05-29 00:00:00.000
844;Minipump;PU-0452;NULL;19,99;36;116;2012-05-30 00:00:00.000;2013-05-29 00:00:00.000
845;Mountain Pump;PU-M044;NULL;24,99;36;117;2012-05-30 00:00:00.000;2013-05-29 00:00:00.000
846;Taillights - Battery-Powered;LT-T990;NULL;13,99;33;108;2012-05-30 00:00:00.000;2013-05-29 00:00:00.000
847;Headlights - Dual-Beam;LT-H902;NULL;34,99;33;109;2012-05-30 00:00:00.000;2013-05-29 00:00:00.000
848;Headlights - Weatherproof;LT-H903;NULL;44,99;33;110;2012-05-30 00:00:00.000;2013-05-29 00:00:00.000
849;Men's Sports Shorts, M;SH-M897-M;Black;59,99;22;13;2012-05-30 00:00:00.000;2013-05-29 00:00:00.000
850;Men's Sports Shorts, L;SH-M897-L;Black;59,99;22;13;2012-05-30 00:00:00.000;2013-05-29 00:00:00.000
851;Men's Sports Shorts, XL;SH-M897-X;Black;59,99;22;13;2012-05-30 00:00:00.000;2013-05-29 00:00:00.000
852;Women's Tights, S;TG-W091-S;Black;74,99;24;38;2012-05-30 00:00:00.000;2013-05-29 00:00:00.000
853;Women's Tights, M;TG-W091-M;Black;74,99;24;38;2012-05-30 00:00:00.000;2013-05-29 00:00:00.000
854;Women's Tights, L;TG-W091-L;Black;74,99;24;38;2012-05-30 00:00:00.000;2013-05-29 00:00:00.000
855;Men's Bib-Shorts, S;SB-M891-S;Multi;89,99;18;12;2012-05-30 00:00:00.000;2013-05-29 00:00:00.000
856;Men's Bib-Shorts, M;SB-M891-M;Multi;89,99;18;12;2012-05-30 00:00:00.000;2013-05-29 00:00:00.000
857;Men's Bib-Shorts, L;SB-M891-L;Multi;89,99;18;12;2012-05-30 00:00:00.000;2013-05-29 00:00:00.000
858;Half-Finger Gloves, S;GL-H102-S;Black;24,49;20;4;2012-05-30 00:00:00.000;NULL
859;Half-Finger Gloves, M;GL-H102-M;Black;24,49;20;4;2012-05-30 00:00:00.000;NULL
860;Half-Finger Gloves, L;GL-H102-L;Black;24,49;20;4;2012-05-30 00:00:00.000;NULL
861;Full-Finger Gloves, S;GL-F110-S;Black;37,99;20;3;2012-05-30 00:00:00.000;2013-05-29 00:00:00.000
862;Full-Finger Gloves, M;GL-F110-M;Black;37,99;20;3;2012-05-30 00:00:00.000;2013-05-29 00:00:00.000
863;Full-Finger Gloves, L;GL-F110-L;Black;37,99;20;3;2012-05-30 00:00:00.000;2013-05-29 00:00:00.000
